"Index","Product","Category","Sub Category","Industry","Status","Action"
"1093","Additive WD 5760AM SPL","Wetting & Dispersing Agent","Wetting & Dispersing Agent","Pulp & Paper, Paint & Coating, Household Products, ETP Additives, Textile,","ACTIVE",""
"1092","Additive WR 5 TM 148","Specialty & Tailor Made Additives","Silicone Water Repellent","Construction Chemicals,","ACTIVE",""
"1091","Additive WD 5760 NA-30","Wetting & Dispersing Agent","Wetting & Dispersing Agent","Printing Inks, Paint & Coating,","ACTIVE",""
"1090","Additive WD 5493","Wetting & Dispersing Agent","Wetting & Dispersing Agent","Printing Inks, Paint & Coating, Construction Chemicals, Textile,","ACTIVE",""
"1089","Additive WD 5319","Wetting & Dispersing Agent","Wetting & Dispersing Agent","Printing Inks, Paint & Coating,","ACTIVE",""
"1088","Additive WD 5262","Wetting & Dispersing Agent","Economy Dispersing Agent","Printing Inks, Pulp & Paper, Paint & Coating, AGRO,","ACTIVE",""
"1087","Additive WD 5241","Wetting & Dispersing Agent","Wetting Agent Cum Dispersing Agent","Printing Inks, Paint & Coating, Textile,","ACTIVE",""
"1086","Additive WD 5238","Wetting & Dispersing Agent","Wetting & Dispersing Agent","Printing Inks, Paint & Coating, Textile,","ACTIVE",""
"1085","Additive WD 5172","Wetting & Dispersing Agent","Wetting & Dispersing Agent","Printing Inks, Paint & Coating,","ACTIVE",""
"1084","Additive WD 5 TM 261","Wetting & Dispersing Agent","Wetting Agent Cum Dispersing Agent","Printing Inks, Paint & Coating,","ACTIVE",""
"1083","Additive PE 5985","Surface Property Enhancer","Polyethylene Wax Emulsion","Printing Inks, Pulp & Paper, Paint & Coating, Textile,","ACTIVE",""
"1082","Additive MS 5 TM 243","Surface Property Enhancer","Mar-Scratch Resistance Additive","Printing Inks, Paint & Coating,","ACTIVE",""
"1081","Additive FT 5283","Specialty & Tailor Made Additives","Economy Flow & Leveling Polymer","Printing Inks, Paint & Coating,","ACTIVE",""
"1080","Additive DF 5835","Defoamers","Silicone Defoamer","Printing Inks, Pulp & Paper, Paint & Coating, AGRO, ETP Additives, Textile,","ACTIVE",""
"1079","Additive DF 5796","Defoamers","Silicone Defoamer","Printing Inks, Pulp & Paper, Paint & Coating, AGRO, ETP Additives, Textile,","ACTIVE",""
"1078","Additive DF 5793","Defoamers","Silicone & Wax Based Defoamer","Starch / Adhesive / Corrugation,","ACTIVE",""
"1077","Additive DF 5787","Defoamers","Silicone Defoamer","Pulp & Paper, AGRO, ETP Additives, Textile,","ACTIVE",""
"1076","Additive DF 5742","Defoamers","Silicone Defoamer","Printing Inks, Pulp & Paper, AGRO, ETP Additives,","ACTIVE",""
"1075","Additive DF 5736","Defoamers","Silicone Defoamer","Starch / Adhesive / Corrugation,","ACTIVE",""
"1074","Additive DF 5724M","Defoamers","Silicone Defoamer","Printing Inks, Pulp & Paper, Paint & Coating, Starch / Adhesive / Corrugation, AGRO, ETP Additives, Textile,","ACTIVE",""
"1073","Additive DF 5421","Defoamers","Silicone Defoamer","Printing Inks, Pulp & Paper, Paint & Coating, Starch / Adhesive / Corrugation, AGRO, Textile,","ACTIVE",""
"1072","Additive DF 5379 P & P","Defoamers","100% Active Silicone Defoamer For Pulp & Paper Industry","Printing Inks, Pulp & Paper, Paint & Coating, Starch / Adhesive / Corrugation, Textile,","ACTIVE",""
"1071","Additive DF 5349","Defoamers","Silicone Free, Mineral Oil Free Defoamer","Pulp & Paper, Paint & Coating, Starch / Adhesive / Corrugation, Construction Chemicals, Household Products, ETP Additives, Textile,","ACTIVE",""
"1070","Additive DF 5325","Defoamers","SILICONE DEFOAMER","Printing Inks, Pulp & Paper, Starch / Adhesive / Corrugation, AGRO, ETP Additives, Textile,","ACTIVE",""
"1069","Additive DF 5304","Defoamers","Silicone Defoamer","Printing Inks, Pulp & Paper, Paint & Coating, Starch / Adhesive / Corrugation, AGRO, ETP Additives, Textile,","ACTIVE",""
"1068","Additive DF 5286","Defoamers","Organophosphate Based Antifoam","Printing Inks, Paint & Coating, Starch / Adhesive / Corrugation,","ACTIVE",""
"1067","Additive DF 5229","Defoamers","Silicone Defoamer","Printing Inks, Paint & Coating, Starch / Adhesive / Corrugation,","ACTIVE",""
"1066","Additive DF 5196","Defoamers","SILICONE DEFOAMER","Printing Inks, Paint & Coating, Starch / Adhesive / Corrugation,","ACTIVE",""
"1065","Additive DF 5154 M","Defoamers","Powder Defoamer","Starch / Adhesive / Corrugation, AGRO, Construction Chemicals, Textile,","ACTIVE",""
"1064","Additive DF 5151 SPL","Defoamers","30% Silicone Defoamer","Printing Inks, Pulp & Paper, Paint & Coating, Starch / Adhesive / Corrugation, AGRO, Lubricating Oil / Oil Emulsions, ETP Additives, Textile,","ACTIVE",""
"1063","Additive DF 5151-SPD","Defoamers","30% Silicone Defoamer","Printing Inks, Pulp & Paper, Paint & Coating, Starch / Adhesive / Corrugation, AGRO, Lubricating Oil / Oil Emulsions, ETP Additives, Textile,","ACTIVE",""
"1062","Additive DF 5151 M","Defoamers","30% Silicone Defoamer","Printing Inks, Pulp & Paper, Paint & Coating, AGRO, ETP Additives,","ACTIVE",""
"1061","Additive BOA 5109","Specialty & Tailor Made Additives","Blend Of Additives","Printing Inks, Paint & Coating,","ACTIVE",""
"1060","Additive DF 5118-LV","Defoamers","Silicone Free Defoamer","Printing Inks, Paint & Coating, Starch / Adhesive / Corrugation, ETP Additives, Textile,","ACTIVE",""
"1059","Additive DF 5118 WT","Defoamers","100% Mineral Oil Based Defoamer","Printing Inks, Pulp & Paper, Paint & Coating, Starch / Adhesive / Corrugation, Textile,","ACTIVE",""
"1058","Additive DF 5 TM 246","Defoamers","Polymeric Defoamer","Paint & Coating, Construction Chemicals,","ACTIVE",""
"1057","Additive DF 5 TM 234","Defoamers","Economy Non Silicone Defoamer","Pulp & Paper, Starch / Adhesive / Corrugation, ETP Additives,","ACTIVE",""
"1056","Additive AST 5499","Thickener & Anti-Settling Agents","Powder Thixotropic Agent","Printing Inks, Paint & Coating,","ACTIVE",""
"1055","Additive AST 5496","Thickener & Anti-Settling Agents","Powder Thixotropic Agent for SLES & Cleansing Formulations","Household Products,","ACTIVE",""
"1054","Additive AST 5448","Thickener & Anti-Settling Agents","Powder Thixotropic Agent","Starch / Adhesive / Corrugation, Construction Chemicals,","ACTIVE",""
"1053","Additive ADT 5268","Specialty & Tailor Made Additives","Tack & Viscosity Improver","Starch / Adhesive / Corrugation,","ACTIVE",""
"1052","Additive 5121 AMT","Thickener & Anti-Settling Agents","Ammonium Polyacrylate Thickener","Paint & Coating, Starch / Adhesive / Corrugation, AGRO, Construction Chemicals, Household Products, Textile,","ACTIVE",""
"1051","Additive 5 TM DF MOPA","Defoamers","Mineral Oil & Wax Based Defoamer","Printing Inks, Paint & Coating, Starch / Adhesive / Corrugation, Lubricating Oil / Oil Emulsions,","ACTIVE",""
"1050","Additive 5 TM DF EPBP","Defoamers","Silicone Free, Mineral Oil Free Defoamer","Printing Inks, Paint & Coating,","ACTIVE",""
"1049","Add-Eco WD 5673 - HPH","Wetting & Dispersing Agent","Wetting Agent Cum Dispersing Agent","Printing Inks, Pulp & Paper, Paint & Coating,","ACTIVE",""
"1048","Add-Eco WD 5673","Wetting & Dispersing Agent","Wetting Agent Cum Dispersing Agent","Printing Inks, Pulp & Paper, Paint & Coating,","ACTIVE",""
"1047","Add Eco WD 5520M","Wetting & Dispersing Agent","Wetting Agent Cum Dispersing Agent","Printing Inks, Paint & Coating,","ACTIVE",""
"1046","Add Eco DF 5682","Defoamers","Economy Silicone Defoamer","Pulp & Paper, Paint & Coating, ETP Additives,","ACTIVE",""
"1045","Add Eco DF 5586","Defoamers","Economy Silicone Defoamer","Printing Inks, Pulp & Paper, Paint & Coating, AGRO, ETP Additives, Textile,","ACTIVE",""
"1044","Add Eco DF 5667","Defoamers","Economy Silicone Defoamer","Pulp & Paper, Starch / Adhesive / Corrugation, ETP Additives, Textile,","ACTIVE",""
"1043","Add Eco DF 5661","Defoamers","Economy Silicone Defoamer","Printing Inks, Pulp & Paper, Paint & Coating, AGRO, Textile,","ACTIVE",""
"1042","Add Eco DF 5645","Defoamers","Economy Silicone Defoamer","Starch / Adhesive / Corrugation,","ACTIVE",""
"1041","Add Eco DF 5627","Defoamers","Economy Silicone Defoamer","Printing Inks, Pulp & Paper, Paint & Coating, Starch / Adhesive / Corrugation, AGRO, ETP Additives, Textile,","ACTIVE",""
"1040","Add Eco DF 5565","Defoamers","Economy Silicone Defoamer","Printing Inks, Pulp & Paper, Paint & Coating, Starch / Adhesive / Corrugation, AGRO, ETP Additives, Textile,","ACTIVE",""
"1039","Add Eco DF 5562","Defoamers","Economy Silicone Defoamer","Printing Inks, Pulp & Paper, Paint & Coating, AGRO, ETP Additives, Textile,","ACTIVE",""
"1038","Add Eco DF 5523M","Defoamers","Economy Silicone Defoamer","Printing Inks, Paint & Coating, Starch / Adhesive / Corrugation, AGRO, ETP Additives, Textile,","ACTIVE",""
"1037","Add Eco DF 5523 SPL","Defoamers","Economy Silicone Defoamer","Printing Inks, Pulp & Paper, Starch / Adhesive / Corrugation, AGRO, Textile,","ACTIVE",""
"1036","Add Eco DF 5523 P & P","Defoamers","Economy Silicone Defoamer","Pulp & Paper,","ACTIVE",""
"1035","Add Eco DF 5517 SPL","Defoamers","Economy Silicone Defoamer","Printing Inks, Pulp & Paper, Paint & Coating, AGRO, Textile,","ACTIVE",""
"1034","Add Eco DF 5517 M","Defoamers","Economy Silicone Defoamer","Printing Inks, Pulp & Paper, Paint & Coating, AGRO, Textile,","ACTIVE",""
"1033","Add Eco DF 5512-5 SPL","Defoamers","Economy Silicone Defoamer","Printing Inks, Pulp & Paper, Paint & Coating, Starch / Adhesive / Corrugation, AGRO, ETP Additives, Textile,","ACTIVE",""
"1032","Add Eco DF 5512 - 5","Defoamers","Economy Silicone Defoamer","Pulp & Paper, Paint & Coating, Starch / Adhesive / Corrugation, AGRO, Lubricating Oil / Oil Emulsions, ETP Additives, Textile,","ACTIVE",""
"1031","Add-Eco DF 5505","Defoamers","Economy Non Silicone Defoamer","Paint & Coating, Starch / Adhesive / Corrugation, Construction Chemicals, ETP Additives, Textile,","ACTIVE",""
"1030","Add Eco AST 5604","Thickener & Anti-Settling Agents","Anti-settling Agent for Aqueous Systems","Paint & Coating, Starch / Adhesive / Corrugation, AGRO, Construction Chemicals,","ACTIVE",""
"1029","Additive WD 4149 SPL","Wetting & Dispersing Agent","Special Titanium Dioxide Dispersing Agent","Printing Inks, Paint & Coating,","ACTIVE",""
"6012","Additive EM 3366 M","Emulsifiers","Multi-functional Emulsifier","Paint & Coating,","ACTIVE",""
"6011","Additive EM 3408","Emulsifiers","Non-Ionic Emulsifier","Printing Inks, Paint & Coating, AGRO, Household Products, Textile,","ACTIVE",""
"6010","Additive EM 3363","Emulsifiers","Multi-functional Emulsifier","Paint & Coating,","ACTIVE",""
"6008","Additive EM 3345","Emulsifiers","Non-Ionic Emulsifier","Pulp & Paper, Paint & Coating, Starch / Adhesive / Corrugation, AGRO, Household Products, Textile,","ACTIVE",""
"2017","Add Eco WR 5685","Specialty & Tailor Made Additives","Modified Acrylic-Wax Emulsion","Paint & Coating, Construction Chemicals,","ACTIVE",""
"2017","Additive SF 1800","Emulsifiers","Cationic Emulsifier","Paint & Coating,","ACTIVE",""
"2016","Add-Eco WD 4536","Wetting & Dispersing Agent","Economy Non Aqueous Dispersing Agent","Paint & Coating,","ACTIVE",""
"4022","Additive AST 5829","Thickener & Anti-Settling Agents","Anti-settling Agent for Aqueous Systems","Printing Inks, Paint & Coating,","ACTIVE",""
"5017","Aqualink Bright R - Coatings","Specialty & Tailor Made Additives","Optical Brightener","Paint & Coating,","ACTIVE",""
"5016","AQUALINK M3","Specialty & Tailor Made Additives","Emulsion For Aqueous Direct To Metal Coatings","Paint & Coating,","ACTIVE",""
"5015","AQUALINK CFM","Specialty & Tailor Made Additives","Crackle Effect","Paint & Coating,","ACTIVE",""
"3010","Additive EM 3399","Emulsifiers","Synergistic Blend of Anionic & Non-Ionic Surfactants","Lubricating Oil / Oil Emulsions,","ACTIVE",""
"6009","Additive PE 4386","Surface Property Enhancer","Polyethylene Wax Dispersion For Solvent Based & Solvent Free System","Printing Inks, Paint & Coating,","ACTIVE",""
"6008","Additive PE 4383","Surface Property Enhancer","Polyethylene Wax Dispersion For Solvent Based System","Printing Inks, Paint & Coating,","ACTIVE",""
"1000","Additive DF 5 TM 222","Defoamers","Economy Non Silicone Defoamer","Starch / Adhesive / Corrugation, ETP Additives,","ACTIVE",""
"1028","Additive 5427 P&P","Defoamers","Mineral Oil Based Defoamer For Pulp & Industry","Pulp & Paper,","ACTIVE",""
"1027","Additive DF 5118 P&P","Defoamers","100% Mineral Oil Based Defoamer For Pulp & Industry","Pulp & Paper,","ACTIVE",""
"1026","Add-Eco DF 5514 P&P","Defoamers","10% Silicone Defoamer For Pulp & Paper","Pulp & Paper,","ACTIVE",""
"1025","Add-Eco 5517 P&P","Defoamers","20% Silicone Defoamer For Pulp & Paper","Pulp & Paper,","ACTIVE",""
"5014","Additive 4107 CP","Specialty & Tailor Made Additives","Adhesive Strength Improver","Starch / Adhesive / Corrugation,","ACTIVE",""
"5007","Additive WR 5 TM 198","Specialty & Tailor Made Additives","Silicone Water Repellent","Construction Chemicals,","ACTIVE",""
"6003","Additive LVL 5919","Surface Property Enhancer","Economy Levelling Agent","Printing Inks, Paint & Coating,","ACTIVE",""
"1007","Additive DF 5487","Defoamers","Silicone Defoamer Concentrate","Construction Chemicals, Textile,","ACTIVE",""
"2003","Additive WD 5217","Wetting & Dispersing Agent","Dispersing Agent For Fluorescent Pigments","Printing Inks, Paint & Coating,","ACTIVE",""
"2004","Additive WD 5949","Wetting & Dispersing Agent","Dispersing Agent Specially For Carbon Black","Printing Inks, Paint & Coating,","ACTIVE",""
"2001","Additive WD 5187 M","Wetting & Dispersing Agent","Dispersing Agent Specially For Pigment Paste","Printing Inks, Paint & Coating,","ACTIVE",""
"1023","Additive DF 5 TM 94","Defoamers","Block Polymer Surfactant - Defoamer","Construction Chemicals, Lubricating Oil / Oil Emulsions,","ACTIVE",""
"2006","Additive WD 5760 NA","Wetting & Dispersing Agent","Sodium Salt homo-polymer Dispersing Agent","Paint & Coating,","ACTIVE",""
"1003","Additive DF 5382M","Defoamers","Mineral Oil & Wax Based Defoamer","Printing Inks, Paint & Coating, Starch / Adhesive / Corrugation,","ACTIVE",""
"1005","Additive DF 5913","Defoamers","Mineral Oil & Wax Based Defoamer","Printing Inks, Pulp & Paper, Paint & Coating, Starch / Adhesive / Corrugation,","ACTIVE",""
"6002","Additive LVL 5916","Surface Property Enhancer","Silicone Based Leveling Agent","Printing Inks, Paint & Coating,","ACTIVE",""
"1006","Add-Eco DF 5505-53","Defoamers","Economy Mineral Oil Based Defoamer","Printing Inks, Pulp & Paper, Paint & Coating, AGRO, Lubricating Oil / Oil Emulsions,","ACTIVE",""
"4002","Additive PUT 5946","Thickener & Anti-Settling Agents","Polyurethane Thickener","Printing Inks, Paint & Coating, Starch / Adhesive / Corrugation,","ACTIVE",""
"1015","Add-Eco DF 5523 SPL","Defoamers","Economy Silicone Defoamer","Pulp & Paper, AGRO, Household Products, ETP Additives, Textile,","ACTIVE",""
"6001","Additive LVL 5982","Surface Property Enhancer","100% Silicone Based Leveling Agent","Printing Inks, Paint & Coating,","ACTIVE",""
"5006","Additive WR 5970","Specialty & Tailor Made Additives","Silicone Based Water Repellent","Printing Inks, Paint & Coating, Construction Chemicals,","ACTIVE",""
"5010","Additive AS 4188","Specialty & Tailor Made Additives","Anti-Skinning Agent","Printing Inks, Paint & Coating,","ACTIVE",""
"3004","Additive EM 3387","Emulsifiers","Biodegradable General Purpose Emulsifier","AGRO, Construction Chemicals,","ACTIVE",""
"1008","Additive DF 5379 SPL","Defoamers","100% Special Silicone Defoamer","Pulp & Paper, Paint & Coating, Construction Chemicals,","ACTIVE",""
"5011","Additive DG 5901","Specialty & Tailor Made Additives","Eco - Friendly Degreaser","Household Products,","ACTIVE",""
"6004","Additive MS 5799","Surface Property Enhancer","Mar-Scratch Resistance Additive","Printing Inks, Paint & Coating,","ACTIVE",""
"1021","Additive DF 4194 - S","Defoamers","Silicone Based Epoxy Air Releasing Agent","Paint & Coating, Construction Chemicals,","ACTIVE",""
"3003","Additive EM 3306","Emulsifiers","Low Foaming Emulsifier Cum Wetting Agent","Printing Inks, Paint & Coating,","ACTIVE",""
"1019","Additive DF 4122 - S","Defoamers","Non Aqueous Silicone Defoamer","Printing Inks, Paint & Coating,","ACTIVE",""
"1016","Add-Eco DF 5618","Defoamers","Economy Silicone Defoamer","ETP Additives, Textile,","ACTIVE",""
"1022","Additive DF 5274","Defoamers","Silicone Free, Mineral Oil Free Defoamer","Construction Chemicals,","ACTIVE",""
"2002","Additive WD 5187","Wetting & Dispersing Agent","Surfactant - Dispersing Agent","Printing Inks, Paint & Coating,","ACTIVE",""
"1010","Additive DF 4 TM 8","Defoamers","100% Silicone Defoamer","Lubricating Oil / Oil Emulsions,","ACTIVE",""
"5008","Add Eco ADT 5589","Specialty & Tailor Made Additives","Tack & Viscosity Improver","Starch / Adhesive / Corrugation,","ACTIVE",""
"5002","Add Eco FT 5592","Specialty & Tailor Made Additives","Economy Flow & Leveling Polymer","Printing Inks, Paint & Coating,","ACTIVE",""
"4006","Additive AST 5373 HE","Thickener & Anti-Settling Agents","Alkali Swellable Acrylic Thickener","Printing Inks, Paint & Coating, AGRO, Construction Chemicals,","ACTIVE",""
"4005","Additive AST 5373","Thickener & Anti-Settling Agents","Alkali Swellable Acrylic Thickener","Printing Inks, Paint & Coating, AGRO, Construction Chemicals,","ACTIVE",""
"4004","Additive AST 5121 HE","Thickener & Anti-Settling Agents","Alkali Swellable Acrylic Thickener","Printing Inks, Paint & Coating, AGRO, Construction Chemicals,","ACTIVE",""
"4003","Additive AST 5121","Thickener & Anti-Settling Agents","Alkali Swellable Acrylic Thickener","Printing Inks, Paint & Coating, AGRO, Construction Chemicals,","ACTIVE",""
"4011","Additive SP 4239","Thickener & Anti-Settling Agents","Suspending Agent Cum Anti Settling Agent","Paint & Coating,","ACTIVE",""
"1020","Additive DF 4194","Defoamers","Epoxy Air Release Agent","Paint & Coating, Construction Chemicals,","ACTIVE",""
"5013","Additive WT 5811","Specialty & Tailor Made Additives","Effluent Decolorize / Flocculant","ETP Additives, Textile,","ACTIVE",""
"5012","Additive WT 5802","Specialty & Tailor Made Additives","Eco Friendly Flocculent / Coagulant","ETP Additives, Textile,","ACTIVE",""
"5009","Special Polymer SP","Specialty & Tailor Made Additives","Sheen Improver","Printing Inks, Paint & Coating,","ACTIVE",""
"6005","Additive WA 5 TM 115","Surface Property Enhancer","Silicone Based Wetting Agent","Printing Inks, Paint & Coating, AGRO,","ACTIVE",""
"5005","Add-Eco WR 5624","Specialty & Tailor Made Additives","Acrylic & Silicone Hybrid Water Repellent","Paint & Coating, Construction Chemicals,","ACTIVE",""
"4001","Additive AST 5826","Thickener & Anti-Settling Agents","Anti-settling Agent for Aqueous Systems","Printing Inks, Paint & Coating,","ACTIVE",""
"5001","Additive BOA 5202","Specialty & Tailor Made Additives","Blend Of Additives","Printing Inks, Paint & Coating,","ACTIVE",""
"6006","Additive PE 5166","Surface Property Enhancer","Polyethylene Wax Emulsion","Printing Inks, Paint & Coating, Construction Chemicals, Textile,","ACTIVE",""
"4007","Additive AST 5481","Thickener & Anti-Settling Agents","Synthetic Thickener","Textile,","ACTIVE",""
"4009","Additive AST 5472","Thickener & Anti-Settling Agents","General Purpose Powder Thickener","AGRO, Household Products,","ACTIVE",""
"4008","Additive AST 5748","Thickener & Anti-Settling Agents","Cellulose Derivative Thickener For Paints & Inks","Printing Inks, Paint & Coating,","ACTIVE",""
"2007","Additive WD 5760 AM","Wetting & Dispersing Agent","Ammonium Salt homo-polymer Dispersing Agent","Paint & Coating,","ACTIVE",""
"1014","Add-Eco DF 5514","Defoamers","10% Silicone Defoamer","AGRO, Construction Chemicals, ETP Additives, Textile,","ACTIVE",""
"1013","Add-Eco DF 5517","Defoamers","20% Silicone Defoamer","Printing Inks, Pulp & Paper, Paint & Coating, AGRO, Textile,","ACTIVE",""
"1011","Additive DF 5724","Defoamers","60% Silicone Defoamer","Printing Inks, Paint & Coating, Starch / Adhesive / Corrugation, AGRO, Construction Chemicals, Lubricating Oil / Oil Emulsions,","ACTIVE",""
"2005","Additive WD 5235","Wetting & Dispersing Agent","Wetting & Dispersing Agent","Printing Inks, Paint & Coating, AGRO, Construction Chemicals,","ACTIVE",""
"2008","Additive WA 5160","Wetting & Dispersing Agent","Non-ionic Wetting","Printing Inks, Paint & Coating, AGRO, Construction Chemicals,","ACTIVE",""
"1017","Additive DF 5154","Defoamers","Powder Defoamer","Starch / Adhesive / Corrugation, AGRO, Construction Chemicals, Textile,","ACTIVE",""
"4020","Additive 7029","Thickener & Anti-Settling Agents","Powder Thickener For Liquid Soap","Household Products,","ACTIVE",""
"4018","Additive 7020HE","Thickener & Anti-Settling Agents","Acid Slurry Thickener","Household Products,","ACTIVE",""
"4017","Additive 7020","Thickener & Anti-Settling Agents","LABSA (Acid Slurry) Thickener","Household Products,","ACTIVE",""
"4019","Additive 7014","Thickener & Anti-Settling Agents","Acid Thickener","Household Products,","ACTIVE",""
"4021","Additive 7011","Thickener & Anti-Settling Agents","SLES ( Liq Soap Thickener )","Household Products,","ACTIVE",""
"4015","Additive 7002 HE","Thickener & Anti-Settling Agents","Thickener For White Phenyl","Household Products,","ACTIVE",""
"1009","Additive DF 5379","Defoamers","100% Silicone Defoamer","Printing Inks, Paint & Coating, AGRO, Lubricating Oil / Oil Emulsions,","ACTIVE",""
"4016","Additive AST 7002","Thickener & Anti-Settling Agents","Thickener For White Phenyl","Household Products,","ACTIVE",""
"1012","Additive DF 5151","Defoamers","30% Silicone Defoamer","Printing Inks, Pulp & Paper, Paint & Coating, AGRO,","ACTIVE",""
"1024","Additive 5151 P&P","Defoamers","30% Silicone Defoamer For Pulp & Paper Industry","Pulp & Paper,","ACTIVE",""
"2014","Add-Eco WD 4512","Wetting & Dispersing Agent","Economy Dispersing Agent","Paint & Coating,","ACTIVE",""
"1004","Additive DF 5382","Defoamers","Mineral Oil & Wax Based Defoamer","Printing Inks, Pulp & Paper, Paint & Coating, Starch / Adhesive / Corrugation, AGRO, Lubricating Oil / Oil Emulsions,","ACTIVE",""
"4014","Additive AST 4260 PS","Thickener & Anti-Settling Agents","Thixotropic Agent-Paste For Non Aqueous System","Printing Inks, Paint & Coating,","ACTIVE",""
"4013","Additive AST 4260 PW","Thickener & Anti-Settling Agents","Powder Thixotropic Agent","Printing Inks, Paint & Coating, Construction Chemicals,","ACTIVE",""
"1002","Additive DF 5427","Defoamers","100% Mineral Oil Based Defoamer","Printing Inks, Pulp & Paper, Paint & Coating, Construction Chemicals,","ACTIVE",""
"2015","Additive WE 4209","Wetting & Dispersing Agent","Epoxy Dispersing Agent","Printing Inks, Paint & Coating, Construction Chemicals,","ACTIVE",""
"1001","Additive DF 5118","Defoamers","100% Mineral Oil Based Defoamer","Printing Inks, Pulp & Paper, Paint & Coating, Construction Chemicals,","ACTIVE",""
"2012","Additive WD 4191","Wetting & Dispersing Agent","Dispersing Agent Liquid Ink","Printing Inks, Paint & Coating,","ACTIVE",""
"2009","Additive WD 4137","Wetting & Dispersing Agent","Special Carbon Black Dispersing Agent","Printing Inks, Paint & Coating, Construction Chemicals,","ACTIVE",""
"5004","Additive SF 4410","Specialty & Tailor Made Additives","Aqua Add","Paint & Coating,","ACTIVE",""
"1018","Additive DF 4122","Defoamers","Mineral Oil Based Defoamer","Printing Inks, Paint & Coating,","ACTIVE",""
"4012","Additive AST 4404","Thickener & Anti-Settling Agents","Powder Rheology Modifier Non Aqueous System","Printing Inks, Paint & Coating, Lubricating Oil / Oil Emulsions,","ACTIVE",""
"4010","Additive AST 4401","Thickener & Anti-Settling Agents","Anti- Settling Agent For Alkyd Paints","Printing Inks, Paint & Coating, Construction Chemicals,","ACTIVE",""
"2011","Additive WD 4107 UI","Wetting & Dispersing Agent","Dispersing Agent For Paste Inks","Printing Inks,","ACTIVE",""
"2010","Additive WD 4107","Wetting & Dispersing Agent","Non Aqueous Universal Dispersing Agent","Printing Inks, Paint & Coating,","ACTIVE",""
"5003","Additive SF 4398","Specialty & Tailor Made Additives","Aqua- Mix - Water Addition Additive Emulsifier Free","Paint & Coating,","ACTIVE",""
"6007","Additive EM 3333","Surface Property Enhancer","Wetting Agent Cum Dispersing Agent","Printing Inks, Paint & Coating, AGRO, Construction Chemicals,","ACTIVE",""
"3007","Additive EM 3330","Emulsifiers","Non-Ionic Emulsifier","AGRO,","ACTIVE",""
"3006","Additive EM 3327","Emulsifiers","Biodegradable Emulsifier","Lubricating Oil / Oil Emulsions,","ACTIVE",""
"3005","Additive EM 3324","Emulsifiers","Glycol Based Emulsifier","Lubricating Oil / Oil Emulsions,","ACTIVE",""
"3009","Additive EM 3267","Emulsifiers","Emulsifier Cum Dispersing Agent","AGRO, Textile,","ACTIVE",""
"3008","Additive EM 3249","Emulsifiers","Anionic Emulsifier","AGRO,","ACTIVE",""
"3002","Additive EM 3246","Emulsifiers","Wetting Agent Cum Emulsifier","AGRO, Textile,","ACTIVE",""
"3001","Additive EM 3420","Emulsifiers","Non Foaming Emulsifier","AGRO,","ACTIVE",""
